success,precision,recall,f1,tp,fp,fn,predicted_entities,gt_entities,fp_entities,fn_entities,elapsed_time,model,prompt_strategy,delimiter,file,source text
TRUE,0.8,0.666666667,0.727272727,4,1,2,"[{'text': 'cv.editor@riseup.net', 'type': 'email', 'start_pos': 41, 'end_pos': 61, 'confidence': '', 'reason': ''}, {'text': 'Anna Key', 'type': 'person', 'start_pos': 232, 'end_pos': 240, 'confidence': '', 'reason': ''}, {'text': 'Anna', 'type': 'person', 'start_pos': 232, 'end_pos': 236, 'confidence': '', 'reason': ''}, {'text': 'Marcellus', 'type': 'person', 'start_pos': 290, 'end_pos': 299, 'confidence': '', 'reason': ''}, {'text': 'bc1qxy2kgdygjrsqtzq2n0yrf2493p83kkfjhx0wlh', 'type': 'btc', 'start_pos': 409, 'end_pos': 451, 'confidence': '', 'reason': ''}]","[{'startOffset': 41, 'endOffset': 61, 'type': 'EMAIL', 'text': 'cv.editor@riseup.net'}, {'startOffset': 179, 'endOffset': 221, 'type': 'BTC', 'text': 'bc1qt5vmgkz06c4q6z3trw8gkfj0y7n07gq5kzm68d'}, {'startOffset': 232, 'endOffset': 238, 'type': 'PERSON', 'text': 'Anna'}, {'startOffset': 269, 'endOffset': 273, 'type': 'PERSON', 'text': 'Anna'}, {'startOffset': 290, 'endOffset': 299, 'type': 'PERSON', 'text': 'Marcellus'}, {'startOffset': 409, 'endOffset': 451, 'type': 'BTC', 'text': 'bc1qxy2kgdygjrsqtzq2n0yrf2493p83kkfjhx0wlh'}]","[{'text': 'Anna Key', 'type': 'person', 'start_pos': 232, 'end_pos': 240, 'confidence': '', 'reason': ''}]","[{'startOffset': 179, 'endOffset': 221, 'type': 'BTC', 'text': 'bc1qt5vmgkz06c4q6z3trw8gkfj0y7n07gq5kzm68d'}, {'startOffset': 269, 'endOffset': 273, 'type': 'PERSON', 'text': 'Anna'}]",372.400285,deepseek-r1:14b,"
You are a cyber intelligence analyst with 20 years of experience in the the field.

Your task is to extract any entity from the input text. For each entity found you MUST indicate the type in UPPERCASE. ONLY extract entities if literal entity is present in input text.
The expected entity types are the following:

- EMAIL: email addresses format (user@domain.tld)
- IP: IP addresses (IPv4 x.x.x.x or IPv6)
- BTC: ONLY Bitcoin wallet addresses (26-35 alphanumeric, starting with 1, 3, or bc1) EXCLUDE the word bitcoin or values (for example 2.0 BTC)
- IBAN: iban bank account number
- PERSON: Human names (John Smith, John, Catalina) EXCLUDE initials (for example A.H.) 
- LOCATION: cities, countries, geographic locations
- PHONE: phone numbers in any format
- URL: URLs and web addresses EXCLUDE filenames
- TOX: Tox messenger IDs
 
**Output**:
The output MUST be in a JSON object with key 'entities' and the value a list of dictionaries including every entity found. For each entity you MUST indicate the type in UPPERCASE.

**OUTPUT EXAMPLE**:
{
  ""entities"": [
    {""entity"": ""target123@darkmail.org"", ""type"": ""EMAIL""},
    {""entity"": ""10.45.67.89"", ""type"": ""IP""},
    {""entity"": ""Thompson"", ""type"": ""PERSON""},
    {""entity"": ""Helsinki"", ""type"": ""LOCATION""},
    {""entity"": ""Tim"", ""type"": ""PERSON""}
  ]
}

Return empty array if no entities found in the input text.
PAY ATTENTION to sentences that begin with entity type PERSON, for example Anna.
PAY ATTENTION to when the sentences begin with possesive forms of entity type PERSON, for example Catalina's
PAY ATTENTION to when the sentences contain a FULL NAME, the FULL NAME MUST be extracted as ONE entity.
DO NOT include any entities from the example or the system prompt in your answer.

**Verification**:
1. profide your answer in valid JSON format.
2. verify that all extracted entities are present in the input text.
3. verify that no entities from the example or system prompt are included in your answer.
4. verify that extracted entities match the expected formats for their types.
5. provide your final revised andwer based on the verifications above.

",. ,5.json,"The next day, she got a short reply from cv.editor@riseup.net:
I'm safe. Watching. Cannot trust digital channels long. If you're serious, transfer 0.014 BTC to the wallet I used: bc1qt5vmgkz06c4q6z3trw8gkfj0y7n07gq5kzm68d. Include ""Anna Key"" in metadata, I'll respond.
Anna relayed this to Marcellus. He didn't hesitate.
He logged into his digital wallet and transferred the requested funds. His own address: bc1qxy2kgdygjrsqtzq2n0yrf2493p83kkfjhx0wlh.
""Done,"" he said over a voice call, encrypted through Signal.
"
TRUE,1,0.833333333,0.909090909,5,0,1,"[{'text': 'Catalina', 'type': 'person', 'start_pos': 0, 'end_pos': 8, 'confidence': '', 'reason': ''}, {'text': 'c.varga@journalisttruth.org', 'type': 'email', 'start_pos': 35, 'end_pos': 62, 'confidence': '', 'reason': ''}, {'text': 'cv.editor@riseup.net', 'type': 'email', 'start_pos': 63, 'end_pos': 83, 'confidence': '', 'reason': ''}, {'text': 'Anna', 'type': 'person', 'start_pos': 84, 'end_pos': 88, 'confidence': '', 'reason': ''}, {'text': 'Prague', 'type': 'location', 'start_pos': 143, 'end_pos': 149, 'confidence': '', 'reason': ''}]","[{'startOffset': 0, 'endOffset': 8, 'type': 'PERSON', 'text': 'Catalina'}, {'startOffset': 35, 'endOffset': 62, 'type': 'EMAIL', 'text': 'c.varga@journalisttruth.org'}, {'startOffset': 63, 'endOffset': 83, 'type': 'EMAIL', 'text': 'cv.editor@riseup.net'}, {'startOffset': 84, 'endOffset': 88, 'type': 'PERSON', 'text': 'Anna'}, {'startOffset': 144, 'endOffset': 150, 'type': 'LOCATION', 'text': 'Prague'}, {'startOffset': 164, 'endOffset': 169, 'type': 'PERSON', 'text': 'Varga'}]",[],"[{'startOffset': 164, 'endOffset': 169, 'type': 'PERSON', 'text': 'Varga'}]",242.027885,deepseek-r1:14b,"
You are a cyber intelligence analyst with 20 years of experience in the the field.

Your task is to extract any entity from the input text. For each entity found you MUST indicate the type in UPPERCASE. ONLY extract entities if literal entity is present in input text.
The expected entity types are the following:

- EMAIL: email addresses format (user@domain.tld)
- IP: IP addresses (IPv4 x.x.x.x or IPv6)
- BTC: ONLY Bitcoin wallet addresses (26-35 alphanumeric, starting with 1, 3, or bc1) EXCLUDE the word bitcoin or values (for example 2.0 BTC)
- IBAN: iban bank account number
- PERSON: Human names (John Smith, John, Catalina) EXCLUDE initials (for example A.H.) 
- LOCATION: cities, countries, geographic locations
- PHONE: phone numbers in any format
- URL: URLs and web addresses EXCLUDE filenames
- TOX: Tox messenger IDs
 
**Output**:
The output MUST be in a JSON object with key 'entities' and the value a list of dictionaries including every entity found. For each entity you MUST indicate the type in UPPERCASE.

**OUTPUT EXAMPLE**:
{
  ""entities"": [
    {""entity"": ""target123@darkmail.org"", ""type"": ""EMAIL""},
    {""entity"": ""10.45.67.89"", ""type"": ""IP""},
    {""entity"": ""Thompson"", ""type"": ""PERSON""},
    {""entity"": ""Helsinki"", ""type"": ""LOCATION""},
    {""entity"": ""Tim"", ""type"": ""PERSON""}
  ]
}

Return empty array if no entities found in the input text.
PAY ATTENTION to sentences that begin with entity type PERSON, for example Anna.
PAY ATTENTION to when the sentences begin with possesive forms of entity type PERSON, for example Catalina's
PAY ATTENTION to when the sentences contain a FULL NAME, the FULL NAME MUST be extracted as ONE entity.
DO NOT include any entities from the example or the system prompt in your answer.

**Verification**:
1. profide your answer in valid JSON format.
2. verify that all extracted entities are present in the input text.
3. verify that no entities from the example or system prompt are included in your answer.
4. verify that extracted entities match the expected formats for their types.
5. provide your final revised andwer based on the verifications above.

",. ,4.json,"Catalina's last known contact was:
c.varga@journalisttruth.org
cv.editor@riseup.net
Anna sent a cautious email to both:
Subject: Regarding the Prague painting
Ms. Varga,
A mutual contact passed me material you once held. I believe it connects to a Bitcoin trail and a possible laundering route. Please advise if you are safe and able to talk.
– A.H.
"
TRUE,1,0.75,0.857142857,3,0,1,"[{'text': 'Anna', 'type': 'person', 'start_pos': 49, 'end_pos': 53, 'confidence': '', 'reason': ''}, {'text': 'bc1q2gdf0hxk6e5nxp72cr9sv5uwx9a0gz0h3p9a4f', 'type': 'btc', 'start_pos': 371, 'end_pos': 413, 'confidence': '', 'reason': ''}, {'text': 'Marcellus', 'type': 'person', 'start_pos': 435, 'end_pos': 444, 'confidence': '', 'reason': ''}]","[{'startOffset': 49, 'endOffset': 53, 'type': 'PERSON', 'text': 'Anna'}, {'startOffset': 289, 'endOffset': 293, 'type': 'PERSON', 'text': 'Anna'}, {'startOffset': 371, 'endOffset': 413, 'type': 'BTC', 'text': 'bc1q2gdf0hxk6e5nxp72cr9sv5uwx9a0gz0h3p9a4f'}, {'startOffset': 435, 'endOffset': 444, 'type': 'PERSON', 'text': 'Marcellus'}]",[],"[{'startOffset': 289, 'endOffset': 293, 'type': 'PERSON', 'text': 'Anna'}]",376.42466,deepseek-r1:14b,"
You are a cyber intelligence analyst with 20 years of experience in the the field.

Your task is to extract any entity from the input text. For each entity found you MUST indicate the type in UPPERCASE. ONLY extract entities if literal entity is present in input text.
The expected entity types are the following:

- EMAIL: email addresses format (user@domain.tld)
- IP: IP addresses (IPv4 x.x.x.x or IPv6)
- BTC: ONLY Bitcoin wallet addresses (26-35 alphanumeric, starting with 1, 3, or bc1) EXCLUDE the word bitcoin or values (for example 2.0 BTC)
- IBAN: iban bank account number
- PERSON: Human names (John Smith, John, Catalina) EXCLUDE initials (for example A.H.) 
- LOCATION: cities, countries, geographic locations
- PHONE: phone numbers in any format
- URL: URLs and web addresses EXCLUDE filenames
- TOX: Tox messenger IDs
 
**Output**:
The output MUST be in a JSON object with key 'entities' and the value a list of dictionaries including every entity found. For each entity you MUST indicate the type in UPPERCASE.

**OUTPUT EXAMPLE**:
{
  ""entities"": [
    {""entity"": ""target123@darkmail.org"", ""type"": ""EMAIL""},
    {""entity"": ""10.45.67.89"", ""type"": ""IP""},
    {""entity"": ""Thompson"", ""type"": ""PERSON""},
    {""entity"": ""Helsinki"", ""type"": ""LOCATION""},
    {""entity"": ""Tim"", ""type"": ""PERSON""}
  ]
}

Return empty array if no entities found in the input text.
PAY ATTENTION to sentences that begin with entity type PERSON, for example Anna.
PAY ATTENTION to when the sentences begin with possesive forms of entity type PERSON, for example Catalina's
PAY ATTENTION to when the sentences contain a FULL NAME, the FULL NAME MUST be extracted as ONE entity.
DO NOT include any entities from the example or the system prompt in your answer.

**Verification**:
1. profide your answer in valid JSON format.
2. verify that all extracted entities are present in the input text.
3. verify that no entities from the example or system prompt are included in your answer.
4. verify that extracted entities match the expected formats for their types.
5. provide your final revised andwer based on the verifications above.

",. ,3.json,"The files arrived encrypted via a secure folder. Anna decrypted them with a shared key from their college days. Inside was a high-resolution scan of the painting and a text file labeled ciphertrail.txt. After several hours of sifting through the image metadata and running analysis tools, Anna discovered a steganographic message that revealed a partial Bitcoin address: bc1q2gdf0hxk6e5nxp72cr9sv5uwx9a0gz0h3p9a4f. It didn't belong to Marcellus. She double-checked."
TRUE,1,1,1,10,0,0,"[{'text': 'Catalina', 'type': 'person', 'start_pos': 34, 'end_pos': 42, 'confidence': '', 'reason': ''}, {'text': 'Seychelles', 'type': 'location', 'start_pos': 192, 'end_pos': 202, 'confidence': '', 'reason': ''}, {'text': 'Anna', 'type': 'person', 'start_pos': 343, 'end_pos': 347, 'confidence': '', 'reason': ''}, {'text': 'contact@unitedchange.org', 'type': 'email', 'start_pos': 430, 'end_pos': 454, 'confidence': '', 'reason': ''}, {'text': 'lance.morenopolitical@gmail.com', 'type': 'email', 'start_pos': 477, 'end_pos': 508, 'confidence': '', 'reason': ''}, {'text': 'Catalina', 'type': 'person', 'start_pos': 34, 'end_pos': 42, 'confidence': '', 'reason': ''}, {'text': 'Lance Moreno', 'type': 'person', 'start_pos': 669, 'end_pos': 681, 'confidence': '', 'reason': ''}, {'text': 'Catalina', 'type': 'person', 'start_pos': 34, 'end_pos': 42, 'confidence': '', 'reason': ''}, {'text': 'Anna', 'type': 'person', 'start_pos': 343, 'end_pos': 347, 'confidence': '', 'reason': ''}, {'text': 'Marcellus', 'type': 'person', 'start_pos': 802, 'end_pos': 811, 'confidence': '', 'reason': ''}]","[{'startOffset': 33, 'endOffset': 41, 'type': 'PERSON', 'text': 'Catalina'}, {'startOffset': 191, 'endOffset': 201, 'type': 'LOCATION', 'text': 'Seychelles'}, {'startOffset': 342, 'endOffset': 346, 'type': 'PERSON', 'text': 'Anna'}, {'startOffset': 422, 'endOffset': 446, 'type': 'EMAIL', 'text': 'contact@unitedchange.org'}, {'startOffset': 469, 'endOffset': 500, 'type': 'EMAIL', 'text': 'lance.morenopolitical@gmail.com'}, {'startOffset': 579, 'endOffset': 587, 'type': 'PERSON', 'text': 'Catalina'}, {'startOffset': 661, 'endOffset': 673, 'type': 'PERSON', 'text': 'Lance Moreno'}, {'startOffset': 752, 'endOffset': 760, 'type': 'PERSON', 'text': 'Catalina'}, {'startOffset': 778, 'endOffset': 782, 'type': 'PERSON', 'text': 'Anna'}, {'startOffset': 793, 'endOffset': 802, 'type': 'PERSON', 'text': 'Marcellus'}]",[],[],500.705134,deepseek-r1:14b,"
You are a cyber intelligence analyst with 20 years of experience in the the field.

Your task is to extract any entity from the input text. For each entity found you MUST indicate the type in UPPERCASE. ONLY extract entities if literal entity is present in input text.
The expected entity types are the following:

- EMAIL: email addresses format (user@domain.tld)
- IP: IP addresses (IPv4 x.x.x.x or IPv6)
- BTC: ONLY Bitcoin wallet addresses (26-35 alphanumeric, starting with 1, 3, or bc1) EXCLUDE the word bitcoin or values (for example 2.0 BTC)
- IBAN: iban bank account number
- PERSON: Human names (John Smith, John, Catalina) EXCLUDE initials (for example A.H.) 
- LOCATION: cities, countries, geographic locations
- PHONE: phone numbers in any format
- URL: URLs and web addresses EXCLUDE filenames
- TOX: Tox messenger IDs
 
**Output**:
The output MUST be in a JSON object with key 'entities' and the value a list of dictionaries including every entity found. For each entity you MUST indicate the type in UPPERCASE.

**OUTPUT EXAMPLE**:
{
  ""entities"": [
    {""entity"": ""target123@darkmail.org"", ""type"": ""EMAIL""},
    {""entity"": ""10.45.67.89"", ""type"": ""IP""},
    {""entity"": ""Thompson"", ""type"": ""PERSON""},
    {""entity"": ""Helsinki"", ""type"": ""LOCATION""},
    {""entity"": ""Tim"", ""type"": ""PERSON""}
  ]
}

Return empty array if no entities found in the input text.
PAY ATTENTION to sentences that begin with entity type PERSON, for example Anna.
PAY ATTENTION to when the sentences begin with possesive forms of entity type PERSON, for example Catalina's
PAY ATTENTION to when the sentences contain a FULL NAME, the FULL NAME MUST be extracted as ONE entity.
DO NOT include any entities from the example or the system prompt in your answer.

**Verification**:
1. profide your answer in valid JSON format.
2. verify that all extracted entities are present in the input text.
3. verify that no entities from the example or system prompt are included in your answer.
4. verify that extracted entities match the expected formats for their types.
5. provide your final revised andwer based on the verifications above.

",. ,6.json,"The reply came later that night. 
Catalina sent them a data dump through a secure onion link—an archive of PDFs, emails, and ledger records tying various art sales to a crypto-exchange in the Seychelles. Hidden inside was a larger story: a politician laundering bribes through digital art, masking transactions as ""anonymous Bitcoin patrons.""
Anna was stunned. 
As they dug deeper, they discovered the politician's campaign email—contact@unitedchange.org—and a personal Gmail, lance.morenopolitical@gmail.com. Tracing his aliases through purchase records, they connected his payments to Catalina's original whistleblowing work. 
The final proof? A 6.4 BTC payment from Lance Moreno to an anonymized wallet now controlled by a silent partner—revealed in one of Catalina's leaked emails. 
Anna turned to Marcellus. 
""This isn't just money laundering. This is state-level corruption.""
"
TRUE,1,1,1,5,0,0,"[{'text': 'Catalina', 'type': 'person', 'start_pos': 132, 'end_pos': 140, 'confidence': '', 'reason': ''}, {'text': 'Marcellus', 'type': 'person', 'start_pos': 252, 'end_pos': 261, 'confidence': '', 'reason': ''}, {'text': 'Anna', 'type': 'person', 'start_pos': 266, 'end_pos': 270, 'confidence': '', 'reason': ''}, {'text': 'Anna', 'type': 'person', 'start_pos': 266, 'end_pos': 270, 'confidence': '', 'reason': ''}, {'text': 'm.grant512@tuta.io', 'type': 'email', 'start_pos': 451, 'end_pos': 469, 'confidence': '', 'reason': ''}]","[{'startOffset': 132, 'endOffset': 140, 'type': 'PERSON', 'text': 'Catalina'}, {'startOffset': 252, 'endOffset': 261, 'type': 'PERSON', 'text': 'Marcellus'}, {'startOffset': 266, 'endOffset': 270, 'type': 'PERSON', 'text': 'Anna'}, {'startOffset': 431, 'endOffset': 435, 'type': 'PERSON', 'text': 'Anna'}, {'startOffset': 451, 'endOffset': 469, 'type': 'EMAIL', 'text': 'm.grant512@tuta.io'}]",[],[],523.732323,deepseek-r1:14b,"
You are a cyber intelligence analyst with 20 years of experience in the the field.

Your task is to extract any entity from the input text. For each entity found you MUST indicate the type in UPPERCASE. ONLY extract entities if literal entity is present in input text.
The expected entity types are the following:

- EMAIL: email addresses format (user@domain.tld)
- IP: IP addresses (IPv4 x.x.x.x or IPv6)
- BTC: ONLY Bitcoin wallet addresses (26-35 alphanumeric, starting with 1, 3, or bc1) EXCLUDE the word bitcoin or values (for example 2.0 BTC)
- IBAN: iban bank account number
- PERSON: Human names (John Smith, John, Catalina) EXCLUDE initials (for example A.H.) 
- LOCATION: cities, countries, geographic locations
- PHONE: phone numbers in any format
- URL: URLs and web addresses EXCLUDE filenames
- TOX: Tox messenger IDs
 
**Output**:
The output MUST be in a JSON object with key 'entities' and the value a list of dictionaries including every entity found. For each entity you MUST indicate the type in UPPERCASE.

**OUTPUT EXAMPLE**:
{
  ""entities"": [
    {""entity"": ""target123@darkmail.org"", ""type"": ""EMAIL""},
    {""entity"": ""10.45.67.89"", ""type"": ""IP""},
    {""entity"": ""Thompson"", ""type"": ""PERSON""},
    {""entity"": ""Helsinki"", ""type"": ""LOCATION""},
    {""entity"": ""Tim"", ""type"": ""PERSON""}
  ]
}

Return empty array if no entities found in the input text.
PAY ATTENTION to sentences that begin with entity type PERSON, for example Anna.
PAY ATTENTION to when the sentences begin with possesive forms of entity type PERSON, for example Catalina's
PAY ATTENTION to when the sentences contain a FULL NAME, the FULL NAME MUST be extracted as ONE entity.
DO NOT include any entities from the example or the system prompt in your answer.

**Verification**:
1. profide your answer in valid JSON format.
2. verify that all extracted entities are present in the input text.
3. verify that no entities from the example or system prompt are included in your answer.
4. verify that extracted entities match the expected formats for their types.
5. provide your final revised andwer based on the verifications above.

",. ,7.json,"Two months later, the story broke internationally. An anonymous leak published the entire archive on decentralized media platforms. Catalina resurfaced briefly through a digital interview, using voice masking software. Her identity remained concealed. Marcellus and Anna never met in person after the operation concluded. Their digital footprints were wiped, their temporary email accounts closed. But one last message remained in Anna's inbox:
From: m.grant512@tuta.io
They'll chase shadows now. 
Stay low. You were brilliant. 
– M.
"
TRUE,1,1,1,8,0,0,"[{'text': 'm.grant512@tuta.io', 'type': 'email', 'start_pos': 6, 'end_pos': 24, 'confidence': '', 'reason': ''}, {'text': 'ahargrove92@pm.me', 'type': 'email', 'start_pos': 29, 'end_pos': 46, 'confidence': '', 'reason': ''}, {'text': 'Catalina Varga', 'type': 'person', 'start_pos': 103, 'end_pos': 117, 'confidence': '', 'reason': ''}, {'text': 'Bucharest', 'type': 'location', 'start_pos': 92, 'end_pos': 101, 'confidence': '', 'reason': ''}, {'text': 'Europe', 'type': 'location', 'start_pos': 235, 'end_pos': 241, 'confidence': '', 'reason': ''}, {'text': 'Anna', 'type': 'person', 'start_pos': 295, 'end_pos': 299, 'confidence': '', 'reason': ''}, {'text': 'Catalina Varga', 'type': 'person', 'start_pos': 103, 'end_pos': 117, 'confidence': '', 'reason': ''}, {'text': 'Eastern Europe', 'type': 'location', 'start_pos': 429, 'end_pos': 443, 'confidence': '', 'reason': ''}]","[{'startOffset': 6, 'endOffset': 24, 'type': 'EMAIL', 'text': 'm.grant512@tuta.io'}, {'startOffset': 29, 'endOffset': 46, 'type': 'EMAIL', 'text': 'ahargrove92@pm.me'}, {'startOffset': 92, 'endOffset': 101, 'type': 'LOCATION', 'text': 'Bucharest'}, {'startOffset': 103, 'endOffset': 117, 'type': 'PERSON', 'text': 'Catalina Varga'}, {'startOffset': 235, 'endOffset': 241, 'type': 'LOCATION', 'text': 'Europe'}, {'startOffset': 295, 'endOffset': 299, 'type': 'PERSON', 'text': 'Anna'}, {'startOffset': 320, 'endOffset': 334, 'type': 'PERSON', 'text': 'Catalina Varga'}, {'startOffset': 429, 'endOffset': 443, 'type': 'LOCATION', 'text': 'Eastern Europe'}]",[],[],320.802268,deepseek-r1:14b,"
You are a cyber intelligence analyst with 20 years of experience in the the field.

Your task is to extract any entity from the input text. For each entity found you MUST indicate the type in UPPERCASE. ONLY extract entities if literal entity is present in input text.
The expected entity types are the following:

- EMAIL: email addresses format (user@domain.tld)
- IP: IP addresses (IPv4 x.x.x.x or IPv6)
- BTC: ONLY Bitcoin wallet addresses (26-35 alphanumeric, starting with 1, 3, or bc1) EXCLUDE the word bitcoin or values (for example 2.0 BTC)
- IBAN: iban bank account number
- PERSON: Human names (John Smith, John, Catalina) EXCLUDE initials (for example A.H.) 
- LOCATION: cities, countries, geographic locations
- PHONE: phone numbers in any format
- URL: URLs and web addresses EXCLUDE filenames
- TOX: Tox messenger IDs
 
**Output**:
The output MUST be in a JSON object with key 'entities' and the value a list of dictionaries including every entity found. For each entity you MUST indicate the type in UPPERCASE.

**OUTPUT EXAMPLE**:
{
  ""entities"": [
    {""entity"": ""target123@darkmail.org"", ""type"": ""EMAIL""},
    {""entity"": ""10.45.67.89"", ""type"": ""IP""},
    {""entity"": ""Thompson"", ""type"": ""PERSON""},
    {""entity"": ""Helsinki"", ""type"": ""LOCATION""},
    {""entity"": ""Tim"", ""type"": ""PERSON""}
  ]
}

Return empty array if no entities found in the input text.
PAY ATTENTION to sentences that begin with entity type PERSON, for example Anna.
PAY ATTENTION to when the sentences begin with possesive forms of entity type PERSON, for example Catalina's
PAY ATTENTION to when the sentences contain a FULL NAME, the FULL NAME MUST be extracted as ONE entity.
DO NOT include any entities from the example or the system prompt in your answer.

**Verification**:
1. profide your answer in valid JSON format.
2. verify that all extracted entities are present in the input text.
3. verify that no entities from the example or system prompt are included in your answer.
4. verify that extracted entities match the expected formats for their types.
5. provide your final revised andwer based on the verifications above.

",. ,8.json,"From: m.grant512@tuta.io
To: ahargrove92@pm.me
That wallet belongs to a journalist I met in Bucharest: Catalina Varga. She's off the radar, but if what she told me is true, someone's laundering funds through QR art in galleries across Europe. She trusted me with the canvas before she vanished.
Anna did a quick search. Catalina Varga was known in cyber investigation circles. She had previously uncovered corruption networks in Eastern Europe. Then, three months ago—radio silence.
She wrote back:
We should contact her, if she's still reachable. Do you have an email?
"
TRUE,1,1,1,4,0,0,"[{'text': 'ahargrove92@pm.me', 'type': 'email', 'start_pos': 74, 'end_pos': 91, 'confidence': '', 'reason': ''}, {'text': 'm.grant512@tuta.io', 'type': 'email', 'start_pos': 96, 'end_pos': 114, 'confidence': '', 'reason': ''}, {'text': 'Anna', 'type': 'person', 'start_pos': 18, 'end_pos': 22, 'confidence': '', 'reason': ''}, {'text': 'Anna', 'type': 'person', 'start_pos': 18, 'end_pos': 22, 'confidence': '', 'reason': ''}]","[{'startOffset': 18, 'endOffset': 22, 'type': 'PERSON', 'text': 'Anna'}, {'startOffset': 74, 'endOffset': 91, 'type': 'EMAIL', 'text': 'ahargrove92@pm.me'}, {'startOffset': 96, 'endOffset': 114, 'type': 'EMAIL', 'text': 'm.grant512@tuta.io'}, {'startOffset': 158, 'endOffset': 162, 'type': 'PERSON', 'text': 'Anna'}]",[],[],110.310532,deepseek-r1:14b,"
You are a cyber intelligence analyst with 20 years of experience in the the field.

Your task is to extract any entity from the input text. For each entity found you MUST indicate the type in UPPERCASE. ONLY extract entities if literal entity is present in input text.
The expected entity types are the following:

- EMAIL: email addresses format (user@domain.tld)
- IP: IP addresses (IPv4 x.x.x.x or IPv6)
- BTC: ONLY Bitcoin wallet addresses (26-35 alphanumeric, starting with 1, 3, or bc1) EXCLUDE the word bitcoin or values (for example 2.0 BTC)
- IBAN: iban bank account number
- PERSON: Human names (John Smith, John, Catalina) EXCLUDE initials (for example A.H.) 
- LOCATION: cities, countries, geographic locations
- PHONE: phone numbers in any format
- URL: URLs and web addresses EXCLUDE filenames
- TOX: Tox messenger IDs
 
**Output**:
The output MUST be in a JSON object with key 'entities' and the value a list of dictionaries including every entity found. For each entity you MUST indicate the type in UPPERCASE.

**OUTPUT EXAMPLE**:
{
  ""entities"": [
    {""entity"": ""target123@darkmail.org"", ""type"": ""EMAIL""},
    {""entity"": ""10.45.67.89"", ""type"": ""IP""},
    {""entity"": ""Thompson"", ""type"": ""PERSON""},
    {""entity"": ""Helsinki"", ""type"": ""LOCATION""},
    {""entity"": ""Tim"", ""type"": ""PERSON""}
  ]
}

Return empty array if no entities found in the input text.
PAY ATTENTION to sentences that begin with entity type PERSON, for example Anna.
PAY ATTENTION to when the sentences begin with possesive forms of entity type PERSON, for example Catalina's
PAY ATTENTION to when the sentences contain a FULL NAME, the FULL NAME MUST be extracted as ONE entity.
DO NOT include any entities from the example or the system prompt in your answer.

**Verification**:
1. profide your answer in valid JSON format.
2. verify that all extracted entities are present in the input text.
3. verify that no entities from the example or system prompt are included in your answer.
4. verify that extracted entities match the expected formats for their types.
5. provide your final revised andwer based on the verifications above.

",. ,2.json,"Curiosity piqued, Anna replied quickly using her secondary account:
From: ahargrove92@pm.me
To: m.grant512@tuta.io
I'm intrigued. Send everything you have.
– Anna
"
TRUE,1,1,1,8,0,0,"[{'text': 'Anna Hargrove', 'type': 'person', 'start_pos': 5, 'end_pos': 18, 'confidence': '', 'reason': ''}, {'text': 'Brooklyn', 'type': 'location', 'start_pos': 103, 'end_pos': 111, 'confidence': '', 'reason': ''}, {'text': 'marcellus.grant@protonmail.com', 'type': 'email', 'start_pos': 233, 'end_pos': 263, 'confidence': '', 'reason': ''}, {'text': 'anna.h@techparadox.io', 'type': 'email', 'start_pos': 268, 'end_pos': 289, 'confidence': '', 'reason': ''}, {'text': 'Marcellus Grant', 'type': 'person', 'start_pos': 343, 'end_pos': 358, 'confidence': '', 'reason': ''}, {'text': 'Anna', 'type': 'person', 'start_pos': 5, 'end_pos': 9, 'confidence': '', 'reason': ''}, {'text': 'Prague', 'type': 'location', 'start_pos': 550, 'end_pos': 556, 'confidence': '', 'reason': ''}, {'text': 'm.grant512@tuta.io', 'type': 'email', 'start_pos': 751, 'end_pos': 769, 'confidence': '', 'reason': ''}]","[{'startOffset': 5, 'endOffset': 18, 'type': 'PERSON', 'text': 'Anna Hargrove'}, {'startOffset': 464, 'endOffset': 468, 'type': 'PERSON', 'text': 'Anna'}, {'startOffset': 102, 'endOffset': 110, 'type': 'LOCATION', 'text': 'Brooklyn'}, {'startOffset': 345, 'endOffset': 358, 'type': 'PERSON', 'text': 'Marcellus Grant'}, {'startOffset': 550, 'endOffset': 556, 'type': 'LOCATION', 'text': 'Prague'}, {'startOffset': 233, 'endOffset': 263, 'type': 'EMAIL', 'text': 'marcellus.grant@protonmail.com'}, {'startOffset': 268, 'endOffset': 289, 'type': 'EMAIL', 'text': 'anna.h@techparadox.io'}, {'startOffset': 751, 'endOffset': 769, 'type': 'EMAIL', 'text': 'm.grant512@tuta.io'}]",[],[],551.855003,deepseek-r1:14b,"
You are a cyber intelligence analyst with 20 years of experience in the the field.

Your task is to extract any entity from the input text. For each entity found you MUST indicate the type in UPPERCASE. ONLY extract entities if literal entity is present in input text.
The expected entity types are the following:

- EMAIL: email addresses format (user@domain.tld)
- IP: IP addresses (IPv4 x.x.x.x or IPv6)
- BTC: ONLY Bitcoin wallet addresses (26-35 alphanumeric, starting with 1, 3, or bc1) EXCLUDE the word bitcoin or values (for example 2.0 BTC)
- IBAN: iban bank account number
- PERSON: Human names (John Smith, John, Catalina) EXCLUDE initials (for example A.H.) 
- LOCATION: cities, countries, geographic locations
- PHONE: phone numbers in any format
- URL: URLs and web addresses EXCLUDE filenames
- TOX: Tox messenger IDs
 
**Output**:
The output MUST be in a JSON object with key 'entities' and the value a list of dictionaries including every entity found. For each entity you MUST indicate the type in UPPERCASE.

**OUTPUT EXAMPLE**:
{
  ""entities"": [
    {""entity"": ""target123@darkmail.org"", ""type"": ""EMAIL""},
    {""entity"": ""10.45.67.89"", ""type"": ""IP""},
    {""entity"": ""Thompson"", ""type"": ""PERSON""},
    {""entity"": ""Helsinki"", ""type"": ""LOCATION""},
    {""entity"": ""Tim"", ""type"": ""PERSON""}
  ]
}

Return empty array if no entities found in the input text.
PAY ATTENTION to sentences that begin with entity type PERSON, for example Anna.
PAY ATTENTION to when the sentences begin with possesive forms of entity type PERSON, for example Catalina's
PAY ATTENTION to when the sentences contain a FULL NAME, the FULL NAME MUST be extracted as ONE entity.
DO NOT include any entities from the example or the system prompt in your answer.

**Verification**:
1. profide your answer in valid JSON format.
2. verify that all extracted entities are present in the input text.
3. verify that no entities from the example or system prompt are included in your answer.
4. verify that extracted entities match the expected formats for their types.
5. provide your final revised andwer based on the verifications above.

",. ,1.json,"When Anna Hargrove received the first email from her old college friend, she was sipping coffee in her Brooklyn apartment, staring at code on her laptop screen. The subject line read: Subject: Urgent. I need your eyes on this. From: marcellus.grant@protonmail.com To: anna.h@techparadox.io She frowned. It had been years since she’d spoken to Marcellus Grant. Once cryptography classmates, they had drifted apart after graduation. The body of the email was terse: Anna, I’ve come across something strange. A hash hidden inside a painting I bought in Prague. The data points to a Bitcoin wallet and a string of messages in hex. I think it’s related to an old whistleblower case. Can you take a look? -M P.S. Use my other address if this one feels hot: m.grant512@tuta.io"
TRUE,1,1,1,8,0,0,"[{'text': 'Marcellus', 'type': 'person', 'start_pos': 0, 'end_pos': 9, 'confidence': '', 'reason': ''}, {'text': 'Anna', 'type': 'person', 'start_pos': 20, 'end_pos': 24, 'confidence': '', 'reason': ''}, {'text': 'Lance Moreno', 'type': 'person', 'start_pos': 100, 'end_pos': 112, 'confidence': '', 'reason': ''}, {'text': '185.220.101.47', 'type': 'ip', 'start_pos': 206, 'end_pos': 220, 'confidence': '', 'reason': ''}, {'text': '192.168.15.203', 'type': 'ip', 'start_pos': 225, 'end_pos': 239, 'confidence': '', 'reason': ''}, {'text': '8E7A3B9F2C1D4E6A7B8C9D0E1F2A3B4C5D6E7F8A9B0C1D2E3F4A5B6C7D8E9F0A', 'type': 'tox', 'start_pos': 355, 'end_pos': 419, 'confidence': '', 'reason': ''}, {'text': 'Marcellus', 'type': 'person', 'start_pos': 0, 'end_pos': 9, 'confidence': '', 'reason': ''}, {'text': 'Catalina', 'type': 'person', 'start_pos': 555, 'end_pos': 563, 'confidence': '', 'reason': ''}]","[{'startOffset': 0, 'endOffset': 9, 'type': 'PERSON', 'text': 'Marcellus'}, {'startOffset': 20, 'endOffset': 24, 'type': 'PERSON', 'text': 'Anna'}, {'startOffset': 100, 'endOffset': 112, 'type': 'PERSON', 'text': 'Lance Moreno'}, {'startOffset': 206, 'endOffset': 220, 'type': 'IP', 'text': '185.220.101.47'}, {'startOffset': 225, 'endOffset': 239, 'type': 'IP', 'text': '192.168.15.203'}, {'startOffset': 355, 'endOffset': 419, 'type': 'TOX', 'text': '8E7A3B9F2C1D4E6A7B8C9D0E1F2A3B4C5D6E7F8A9B0C1D2E3F4A5B6C7D8E9F0A'}, {'startOffset': 486, 'endOffset': 495, 'type': 'PERSON', 'text': 'Marcellus'}, {'startOffset': 555, 'endOffset': 559, 'type': 'PERSON', 'text': 'Catalina'}]",[],[],388.385451,deepseek-r1:14b,"
You are a cyber intelligence analyst with 20 years of experience in the the field.

Your task is to extract any entity from the input text. For each entity found you MUST indicate the type in UPPERCASE. ONLY extract entities if literal entity is present in input text.
The expected entity types are the following:

- EMAIL: email addresses format (user@domain.tld)
- IP: IP addresses (IPv4 x.x.x.x or IPv6)
- BTC: ONLY Bitcoin wallet addresses (26-35 alphanumeric, starting with 1, 3, or bc1) EXCLUDE the word bitcoin or values (for example 2.0 BTC)
- IBAN: iban bank account number
- PERSON: Human names (John Smith, John, Catalina) EXCLUDE initials (for example A.H.) 
- LOCATION: cities, countries, geographic locations
- PHONE: phone numbers in any format
- URL: URLs and web addresses EXCLUDE filenames
- TOX: Tox messenger IDs
 
**Output**:
The output MUST be in a JSON object with key 'entities' and the value a list of dictionaries including every entity found. For each entity you MUST indicate the type in UPPERCASE.

**OUTPUT EXAMPLE**:
{
  ""entities"": [
    {""entity"": ""target123@darkmail.org"", ""type"": ""EMAIL""},
    {""entity"": ""10.45.67.89"", ""type"": ""IP""},
    {""entity"": ""Thompson"", ""type"": ""PERSON""},
    {""entity"": ""Helsinki"", ""type"": ""LOCATION""},
    {""entity"": ""Tim"", ""type"": ""PERSON""}
  ]
}

Return empty array if no entities found in the input text.
PAY ATTENTION to sentences that begin with entity type PERSON, for example Anna.
PAY ATTENTION to when the sentences begin with possesive forms of entity type PERSON, for example Catalina's
PAY ATTENTION to when the sentences contain a FULL NAME, the FULL NAME MUST be extracted as ONE entity.
DO NOT include any entities from the example or the system prompt in your answer.

**Verification**:
1. profide your answer in valid JSON format.
2. verify that all extracted entities are present in the input text.
3. verify that no entities from the example or system prompt are included in your answer.
4. verify that extracted entities match the expected formats for their types.
5. provide your final revised andwer based on the verifications above.

",. ,10.json,"Marcellus forwarded Anna a technical analysis from his security contact. The document revealed that Lance Moreno's campaign infrastructure had been accessed from multiple suspicious IP addresses, including 185.220.101.47 and 192.168.15.203. The attacker appeared to be documenting evidence. More concerning was a TOX ID discovered in encrypted chat logs: 8E7A3B9F2C1D4E6A7B8C9D0E1F2A3B4C5D6E7F8A9B0C1D2E3F4A5B6C7D8E9F0A. The ID had been used to coordinate the art gallery transactions. Marcellus noted that the same TOX ID appeared in communications with Catalina before she went silent."
TRUE,1,1,1,7,0,0,"[{'text': 'darktruth2024@protonmail.com', 'type': 'email', 'start_pos': 67, 'end_pos': 95, 'confidence': '', 'reason': ''}, {'text': '203.0.113.42', 'type': 'ip', 'start_pos': 148, 'end_pos': 160, 'confidence': '', 'reason': ''}, {'text': 'https://secure-art-payments.com/checkout', 'type': 'url', 'start_pos': 200, 'end_pos': 240, 'confidence': '', 'reason': ''}, {'text': '+1-555-867-5309', 'type': 'phone', 'start_pos': 320, 'end_pos': 335, 'confidence': '', 'reason': ''}, {'text': 'https://t.me/+whistleblower_backup_2024', 'type': 'url', 'start_pos': 378, 'end_pos': 417, 'confidence': '', 'reason': ''}, {'text': 'Anna', 'type': 'person', 'start_pos': 419, 'end_pos': 423, 'confidence': '', 'reason': ''}, {'text': '203.0.113.42', 'type': 'ip', 'start_pos': 148, 'end_pos': 160, 'confidence': '', 'reason': ''}]","[{'startOffset': 67, 'endOffset': 95, 'type': 'EMAIL', 'text': 'darktruth2024@protonmail.com'}, {'startOffset': 148, 'endOffset': 160, 'type': 'IP', 'text': '203.0.113.42'}, {'startOffset': 200, 'endOffset': 240, 'type': 'URL', 'text': 'https://secure-art-payments.com/checkout'}, {'startOffset': 320, 'endOffset': 335, 'type': 'PHONE', 'text': '+1-555-867-5309'}, {'startOffset': 378, 'endOffset': 417, 'type': 'URL', 'text': 'https://t.me/+whistleblower_backup_2024'}, {'startOffset': 419, 'endOffset': 423, 'type': 'PERSON', 'text': 'Anna'}, {'startOffset': 473, 'endOffset': 485, 'type': 'IP', 'text': '203.0.113.42'}]",[],[],424.985883,deepseek-r1:14b,"
You are a cyber intelligence analyst with 20 years of experience in the the field.

Your task is to extract any entity from the input text. For each entity found you MUST indicate the type in UPPERCASE. ONLY extract entities if literal entity is present in input text.
The expected entity types are the following:

- EMAIL: email addresses format (user@domain.tld)
- IP: IP addresses (IPv4 x.x.x.x or IPv6)
- BTC: ONLY Bitcoin wallet addresses (26-35 alphanumeric, starting with 1, 3, or bc1) EXCLUDE the word bitcoin or values (for example 2.0 BTC)
- IBAN: iban bank account number
- PERSON: Human names (John Smith, John, Catalina) EXCLUDE initials (for example A.H.) 
- LOCATION: cities, countries, geographic locations
- PHONE: phone numbers in any format
- URL: URLs and web addresses EXCLUDE filenames
- TOX: Tox messenger IDs
 
**Output**:
The output MUST be in a JSON object with key 'entities' and the value a list of dictionaries including every entity found. For each entity you MUST indicate the type in UPPERCASE.

**OUTPUT EXAMPLE**:
{
  ""entities"": [
    {""entity"": ""target123@darkmail.org"", ""type"": ""EMAIL""},
    {""entity"": ""10.45.67.89"", ""type"": ""IP""},
    {""entity"": ""Thompson"", ""type"": ""PERSON""},
    {""entity"": ""Helsinki"", ""type"": ""LOCATION""},
    {""entity"": ""Tim"", ""type"": ""PERSON""}
  ]
}

Return empty array if no entities found in the input text.
PAY ATTENTION to sentences that begin with entity type PERSON, for example Anna.
PAY ATTENTION to when the sentences begin with possesive forms of entity type PERSON, for example Catalina's
PAY ATTENTION to when the sentences contain a FULL NAME, the FULL NAME MUST be extracted as ONE entity.
DO NOT include any entities from the example or the system prompt in your answer.

**Verification**:
1. profide your answer in valid JSON format.
2. verify that all extracted entities are present in the input text.
3. verify that no entities from the example or system prompt are included in your answer.
4. verify that extracted entities match the expected formats for their types.
5. provide your final revised andwer based on the verifications above.

",. ,11.json,"A new informant reached out using an anonymous ProtonMail account: darktruth2024@protonmail.com. They provided server logs showing connections from 203.0.113.42 to the art gallery's payment portal at https://secure-art-payments.com/checkout. The informant's phone number, given for emergency contact only, was listed as +1-555-867-5309. They also shared a backup Telegram link: https://t.me/+whistleblower_backup_2024. Anna verified the logs were authentic. The IP address 203.0.113.42 had previously been flagged in an Interpol database for suspicious cryptocurrency transactions totaling over 12 BTC."
TRUE,0.875,1,0.933333333,7,1,0,"[{'text': 'Catalina', 'type': 'person', 'start_pos': 0, 'end_pos': 8, 'confidence': '', 'reason': ''}, {'text': 'Brussels', 'type': 'location', 'start_pos': 115, 'end_pos': 123, 'confidence': '', 'reason': ''}, {'text': '+32 2 555 1234', 'type': 'phone', 'start_pos': 142, 'end_pos': 156, 'confidence': '', 'reason': ''}, {'text': '+32-477-55-6789', 'type': 'phone', 'start_pos': 258, 'end_pos': 273, 'confidence': '', 'reason': ''}, {'text': '76B8E0ADA0F13D90405D6AE55386BD28BDD219B8A08DED1AA836EFCC8B770DC7', 'type': 'tox', 'start_pos': 375, 'end_pos': 439, 'confidence': '', 'reason': ''}, {'text': '78.141.205.18', 'type': 'ip', 'start_pos': 560, 'end_pos': 573, 'confidence': '', 'reason': ''}, {'text': 'Belgium', 'type': 'location', 'start_pos': -1, 'end_pos': -1, 'confidence': '', 'reason': ''}, {'text': 'Catalina', 'type': 'person', 'start_pos': 0, 'end_pos': 8, 'confidence': '', 'reason': ''}]","[{'startOffset': 0, 'endOffset': 8, 'type': 'PERSON', 'text': 'Catalina'}, {'startOffset': 115, 'endOffset': 123, 'type': 'LOCATION', 'text': 'Brussels'}, {'startOffset': 142, 'endOffset': 156, 'type': 'PHONE', 'text': '+32 2 555 1234'}, {'startOffset': 258, 'endOffset': 273, 'type': 'PHONE', 'text': '+32-477-55-6789'}, {'startOffset': 375, 'endOffset': 439, 'type': 'TOX', 'text': '76B8E0ADA0F13D90405D6AE55386BD28BDD219B8A08DED1AA836EFCC8B770DC7'}, {'startOffset': 560, 'endOffset': 573, 'type': 'IP', 'text': '78.141.205.18'}, {'startOffset': 575, 'endOffset': 583, 'type': 'PERSON', 'text': 'Catalina'}]","[{'text': 'Belgium', 'type': 'location', 'start_pos': -1, 'end_pos': -1, 'confidence': '', 'reason': ''}]",[],499.570203,deepseek-r1:14b,"
You are a cyber intelligence analyst with 20 years of experience in the the field.

Your task is to extract any entity from the input text. For each entity found you MUST indicate the type in UPPERCASE. ONLY extract entities if literal entity is present in input text.
The expected entity types are the following:

- EMAIL: email addresses format (user@domain.tld)
- IP: IP addresses (IPv4 x.x.x.x or IPv6)
- BTC: ONLY Bitcoin wallet addresses (26-35 alphanumeric, starting with 1, 3, or bc1) EXCLUDE the word bitcoin or values (for example 2.0 BTC)
- IBAN: iban bank account number
- PERSON: Human names (John Smith, John, Catalina) EXCLUDE initials (for example A.H.) 
- LOCATION: cities, countries, geographic locations
- PHONE: phone numbers in any format
- URL: URLs and web addresses EXCLUDE filenames
- TOX: Tox messenger IDs
 
**Output**:
The output MUST be in a JSON object with key 'entities' and the value a list of dictionaries including every entity found. For each entity you MUST indicate the type in UPPERCASE.

**OUTPUT EXAMPLE**:
{
  ""entities"": [
    {""entity"": ""target123@darkmail.org"", ""type"": ""EMAIL""},
    {""entity"": ""10.45.67.89"", ""type"": ""IP""},
    {""entity"": ""Thompson"", ""type"": ""PERSON""},
    {""entity"": ""Helsinki"", ""type"": ""LOCATION""},
    {""entity"": ""Tim"", ""type"": ""PERSON""}
  ]
}

Return empty array if no entities found in the input text.
PAY ATTENTION to sentences that begin with entity type PERSON, for example Anna.
PAY ATTENTION to when the sentences begin with possesive forms of entity type PERSON, for example Catalina's
PAY ATTENTION to when the sentences contain a FULL NAME, the FULL NAME MUST be extracted as ONE entity.
DO NOT include any entities from the example or the system prompt in your answer.

**Verification**:
1. profide your answer in valid JSON format.
2. verify that all extracted entities are present in the input text.
3. verify that no entities from the example or system prompt are included in your answer.
4. verify that extracted entities match the expected formats for their types.
5. provide your final revised andwer based on the verifications above.

",. ,12.json,Catalina's encrypted backup revealed contact lists from her investigation. One entry stood out: a gallery owner in Brussels with phone number +32 2 555 1234. The owner had allegedly facilitated art sales to shell companies. His assistant could be reached at +32-477-55-6789 for verification. Both numbers were logged alongside a TOX identifier used for private negotiations: 76B8E0ADA0F13D90405D6AE55386BD28BDD219B8A08DED1AA836EFCC8B770DC7. Cross-referencing with Belgian law enforcement databases showed the gallery had processed payments through a server at 78.141.205.18. Catalina's notes indicated she had spoken with the assistant multiple times before disappearing.
TRUE,0.857142857,1,0.923076923,6,1,0,"[{'text': 'Anna', 'type': 'person', 'start_pos': 35, 'end_pos': 39, 'confidence': '', 'reason': ''}, {'text': '+420 775 123 456', 'type': 'phone', 'start_pos': 230, 'end_pos': 246, 'confidence': '', 'reason': ''}, {'text': 'Anna', 'type': 'person', 'start_pos': 35, 'end_pos': 39, 'confidence': '', 'reason': ''}, {'text': 'Czech', 'type': 'location', 'start_pos': 274, 'end_pos': 279, 'confidence': '', 'reason': ''}, {'text': 'http://darkmatter7x4j3k.onion/forum/politics', 'type': 'url', 'start_pos': 397, 'end_pos': 441, 'confidence': '', 'reason': ''}, {'text': 'https://whistleblower-archive.net/case-2024-lm', 'type': 'url', 'start_pos': 558, 'end_pos': 604, 'confidence': '', 'reason': ''}, {'text': 'Anna', 'type': 'person', 'start_pos': 35, 'end_pos': 39, 'confidence': '', 'reason': ''}]","[{'startOffset': 35, 'endOffset': 39, 'type': 'PERSON', 'text': 'Anna'}, {'startOffset': 230, 'endOffset': 246, 'type': 'PHONE', 'text': '+420 775 123 456'}, {'startOffset': 248, 'endOffset': 252, 'type': 'PERSON', 'text': 'Anna'}, {'startOffset': 397, 'endOffset': 441, 'type': 'URL', 'text': 'http://darkmatter7x4j3k.onion/forum/politics'}, {'startOffset': 558, 'endOffset': 604, 'type': 'URL', 'text': 'https://whistleblower-archive.net/case-2024-lm'}, {'startOffset': 606, 'endOffset': 610, 'type': 'PERSON', 'text': 'Anna'}]","[{'text': 'Czech', 'type': 'location', 'start_pos': 274, 'end_pos': 279, 'confidence': '', 'reason': ''}]",[],610.734863,deepseek-r1:14b,"
You are a cyber intelligence analyst with 20 years of experience in the the field.

Your task is to extract any entity from the input text. For each entity found you MUST indicate the type in UPPERCASE. ONLY extract entities if literal entity is present in input text.
The expected entity types are the following:

- EMAIL: email addresses format (user@domain.tld)
- IP: IP addresses (IPv4 x.x.x.x or IPv6)
- BTC: ONLY Bitcoin wallet addresses (26-35 alphanumeric, starting with 1, 3, or bc1) EXCLUDE the word bitcoin or values (for example 2.0 BTC)
- IBAN: iban bank account number
- PERSON: Human names (John Smith, John, Catalina) EXCLUDE initials (for example A.H.) 
- LOCATION: cities, countries, geographic locations
- PHONE: phone numbers in any format
- URL: URLs and web addresses EXCLUDE filenames
- TOX: Tox messenger IDs
 
**Output**:
The output MUST be in a JSON object with key 'entities' and the value a list of dictionaries including every entity found. For each entity you MUST indicate the type in UPPERCASE.

**OUTPUT EXAMPLE**:
{
  ""entities"": [
    {""entity"": ""target123@darkmail.org"", ""type"": ""EMAIL""},
    {""entity"": ""10.45.67.89"", ""type"": ""IP""},
    {""entity"": ""Thompson"", ""type"": ""PERSON""},
    {""entity"": ""Helsinki"", ""type"": ""LOCATION""},
    {""entity"": ""Tim"", ""type"": ""PERSON""}
  ]
}

Return empty array if no entities found in the input text.
PAY ATTENTION to sentences that begin with entity type PERSON, for example Anna.
PAY ATTENTION to when the sentences begin with possesive forms of entity type PERSON, for example Catalina's
PAY ATTENTION to when the sentences contain a FULL NAME, the FULL NAME MUST be extracted as ONE entity.
DO NOT include any entities from the example or the system prompt in your answer.

**Verification**:
1. profide your answer in valid JSON format.
2. verify that all extracted entities are present in the input text.
3. verify that no entities from the example or system prompt are included in your answer.
4. verify that extracted entities match the expected formats for their types.
5. provide your final revised andwer based on the verifications above.

",. ,9.json,"Three weeks after the story broke, Anna received an encrypted message through her secure channel. The sender claimed to have additional documents linking the politician to offshore accounts. The message included a contact number: +420 775 123 456. Anna cross-referenced the Czech number against known associates. She also found a reference to a dark web forum where similar leaks had been posted: http://darkmatter7x4j3k.onion/forum/politics. The forum had been used to coordinate whistleblower communications. A secondary clearnet backup site was listed as https://whistleblower-archive.net/case-2024-lm. Anna documented everything carefully."
TRUE,1,1,1,9,0,0,"[{'text': 'https://anonfiles.io/evidence/moreno-case-final', 'type': 'url', 'start_pos': 63, 'end_pos': 110, 'confidence': '', 'reason': ''}, {'text': 'Anna', 'type': 'person', 'start_pos': 112, 'end_pos': 116, 'confidence': '', 'reason': ''}, {'text': 'Marcellus', 'type': 'person', 'start_pos': 121, 'end_pos': 130, 'confidence': '', 'reason': ''}, {'text': 'Lance Moreno', 'type': 'person', 'start_pos': 147, 'end_pos': 159, 'confidence': '', 'reason': ''}, {'text': '(202) 555-0147', 'type': 'phone', 'start_pos': 202, 'end_pos': 216, 'confidence': '', 'reason': ''}, {'text': '91.198.174.192', 'type': 'ip', 'start_pos': 392, 'end_pos': 406, 'confidence': '', 'reason': ''}, {'text': 'A1B2C3D4E5F6789ABCDEF0123456789ABCDEF0123456789ABCDEF0123456789AB', 'type': 'tox', 'start_pos': 505, 'end_pos': 570, 'confidence': '', 'reason': ''}, {'text': 'cleanup.operations@securemail.ch', 'type': 'email', 'start_pos': 698, 'end_pos': 730, 'confidence': '', 'reason': ''}, {'text': 'Marcellus', 'type': 'person', 'start_pos': 121, 'end_pos': 130, 'confidence': '', 'reason': ''}]","[{'startOffset': 63, 'endOffset': 110, 'type': 'URL', 'text': 'https://anonfiles.io/evidence/moreno-case-final'}, {'startOffset': 112, 'endOffset': 116, 'type': 'PERSON', 'text': 'Anna'}, {'startOffset': 121, 'endOffset': 130, 'type': 'PERSON', 'text': 'Marcellus'}, {'startOffset': 147, 'endOffset': 159, 'type': 'PERSON', 'text': 'Lance Moreno'}, {'startOffset': 202, 'endOffset': 216, 'type': 'PHONE', 'text': '(202) 555-0147'}, {'startOffset': 392, 'endOffset': 406, 'type': 'IP', 'text': '91.198.174.192'}, {'startOffset': 505, 'endOffset': 570, 'type': 'TOX', 'text': 'A1B2C3D4E5F6789ABCDEF0123456789ABCDEF0123456789ABCDEF0123456789AB'}, {'startOffset': 700, 'endOffset': 732, 'type': 'EMAIL', 'text': 'cleanup.operations@securemail.ch'}, {'startOffset': 734, 'endOffset': 743, 'type': 'PERSON', 'text': 'Marcellus'}]",[],[],500.576017,deepseek-r1:14b,"
You are a cyber intelligence analyst with 20 years of experience in the the field.

Your task is to extract any entity from the input text. For each entity found you MUST indicate the type in UPPERCASE. ONLY extract entities if literal entity is present in input text.
The expected entity types are the following:

- EMAIL: email addresses format (user@domain.tld)
- IP: IP addresses (IPv4 x.x.x.x or IPv6)
- BTC: ONLY Bitcoin wallet addresses (26-35 alphanumeric, starting with 1, 3, or bc1) EXCLUDE the word bitcoin or values (for example 2.0 BTC)
- IBAN: iban bank account number
- PERSON: Human names (John Smith, John, Catalina) EXCLUDE initials (for example A.H.) 
- LOCATION: cities, countries, geographic locations
- PHONE: phone numbers in any format
- URL: URLs and web addresses EXCLUDE filenames
- TOX: Tox messenger IDs
 
**Output**:
The output MUST be in a JSON object with key 'entities' and the value a list of dictionaries including every entity found. For each entity you MUST indicate the type in UPPERCASE.

**OUTPUT EXAMPLE**:
{
  ""entities"": [
    {""entity"": ""target123@darkmail.org"", ""type"": ""EMAIL""},
    {""entity"": ""10.45.67.89"", ""type"": ""IP""},
    {""entity"": ""Thompson"", ""type"": ""PERSON""},
    {""entity"": ""Helsinki"", ""type"": ""LOCATION""},
    {""entity"": ""Tim"", ""type"": ""PERSON""}
  ]
}

Return empty array if no entities found in the input text.
PAY ATTENTION to sentences that begin with entity type PERSON, for example Anna.
PAY ATTENTION to when the sentences begin with possesive forms of entity type PERSON, for example Catalina's
PAY ATTENTION to when the sentences contain a FULL NAME, the FULL NAME MUST be extracted as ONE entity.
DO NOT include any entities from the example or the system prompt in your answer.

**Verification**:
1. profide your answer in valid JSON format.
2. verify that all extracted entities are present in the input text.
3. verify that no entities from the example or system prompt are included in your answer.
4. verify that extracted entities match the expected formats for their types.
5. provide your final revised andwer based on the verifications above.

",. ,13.json,"The final piece of evidence arrived via an anonymous upload to https://anonfiles.io/evidence/moreno-case-final. Anna and Marcellus discovered that Lance Moreno had maintained a burner phone with number (202) 555-0147 registered to a shell corporation. The phone had connected to cell towers near the galleries on multiple occasions. Traffic analysis showed repeated connections to IP address 91.198.174.192, which hosted an encrypted communication portal. Most damning was a TOX conversation log with ID: A1B2C3D4E5F6789ABCDEF0123456789ABCDEF0123456789ABCDEF0123456789AB. The conversation explicitly discussed ""cleaning"" Bitcoin payments through art acquisitions. A backup contact email was found: cleanup.operations@securemail.ch. Marcellus immediately forwarded everything to international authorities. The evidence was irrefutable."
